"Benchmark","Mode","Threads","Samples","Score","Score Error (99.9%)","Unit","Param: listSize","Param: listType","Param: maxItems"
"com.zigurs.karlis.utils.sort.SortOperations.collectionsSort","avgt",1,9,9.094560,0.150529,"us/op",100,ArrayShuffled,1
"com.zigurs.karlis.utils.sort.SortOperations.collectionsSort","avgt",1,9,9.456315,0.312650,"us/op",100,ArrayShuffled,5
"com.zigurs.karlis.utils.sort.SortOperations.collectionsSort","avgt",1,9,9.517888,0.137275,"us/op",100,ArrayShuffled,10
"com.zigurs.karlis.utils.sort.SortOperations.collectionsSort","avgt",1,9,9.594642,0.103265,"us/op",100,ArrayShuffled,100
"com.zigurs.karlis.utils.sort.SortOperations.collectionsSort","avgt",1,9,9.533745,0.330095,"us/op",100,ArrayShuffled,250
"com.zigurs.karlis.utils.sort.SortOperations.collectionsSort","avgt",1,9,9.618431,0.097006,"us/op",100,LinkedListShuffled,1
"com.zigurs.karlis.utils.sort.SortOperations.collectionsSort","avgt",1,9,9.473020,0.139232,"us/op",100,LinkedListShuffled,5
"com.zigurs.karlis.utils.sort.SortOperations.collectionsSort","avgt",1,9,9.509445,0.293512,"us/op",100,LinkedListShuffled,10
"com.zigurs.karlis.utils.sort.SortOperations.collectionsSort","avgt",1,9,9.359893,0.090110,"us/op",100,LinkedListShuffled,100
"com.zigurs.karlis.utils.sort.SortOperations.collectionsSort","avgt",1,9,9.468606,0.148781,"us/op",100,LinkedListShuffled,250
"com.zigurs.karlis.utils.sort.SortOperations.collectionsSort","avgt",1,9,1.715268,0.282967,"us/op",100,LinkedListSorted,1
"com.zigurs.karlis.utils.sort.SortOperations.collectionsSort","avgt",1,9,1.756133,0.130326,"us/op",100,LinkedListSorted,5
"com.zigurs.karlis.utils.sort.SortOperations.collectionsSort","avgt",1,9,2.008344,0.394609,"us/op",100,LinkedListSorted,10
"com.zigurs.karlis.utils.sort.SortOperations.collectionsSort","avgt",1,9,1.840564,0.294224,"us/op",100,LinkedListSorted,100
"com.zigurs.karlis.utils.sort.SortOperations.collectionsSort","avgt",1,9,1.956100,0.267723,"us/op",100,LinkedListSorted,250
"com.zigurs.karlis.utils.sort.SortOperations.collectionsSort","avgt",1,9,153.125984,2.372423,"us/op",1000,ArrayShuffled,1
"com.zigurs.karlis.utils.sort.SortOperations.collectionsSort","avgt",1,9,153.292380,2.178504,"us/op",1000,ArrayShuffled,5
"com.zigurs.karlis.utils.sort.SortOperations.collectionsSort","avgt",1,9,153.217438,2.694252,"us/op",1000,ArrayShuffled,10
"com.zigurs.karlis.utils.sort.SortOperations.collectionsSort","avgt",1,9,153.049236,3.707623,"us/op",1000,ArrayShuffled,100
"com.zigurs.karlis.utils.sort.SortOperations.collectionsSort","avgt",1,9,153.128140,3.500704,"us/op",1000,ArrayShuffled,250
"com.zigurs.karlis.utils.sort.SortOperations.collectionsSort","avgt",1,9,158.395034,2.617575,"us/op",1000,LinkedListShuffled,1
"com.zigurs.karlis.utils.sort.SortOperations.collectionsSort","avgt",1,9,159.004924,1.824904,"us/op",1000,LinkedListShuffled,5
"com.zigurs.karlis.utils.sort.SortOperations.collectionsSort","avgt",1,9,156.580459,2.281793,"us/op",1000,LinkedListShuffled,10
"com.zigurs.karlis.utils.sort.SortOperations.collectionsSort","avgt",1,9,159.063665,3.532560,"us/op",1000,LinkedListShuffled,100
"com.zigurs.karlis.utils.sort.SortOperations.collectionsSort","avgt",1,9,158.684256,4.420060,"us/op",1000,LinkedListShuffled,250
"com.zigurs.karlis.utils.sort.SortOperations.collectionsSort","avgt",1,9,28.526623,0.585559,"us/op",1000,LinkedListSorted,1
"com.zigurs.karlis.utils.sort.SortOperations.collectionsSort","avgt",1,9,27.235039,2.097353,"us/op",1000,LinkedListSorted,5
"com.zigurs.karlis.utils.sort.SortOperations.collectionsSort","avgt",1,9,27.581623,0.593920,"us/op",1000,LinkedListSorted,10
"com.zigurs.karlis.utils.sort.SortOperations.collectionsSort","avgt",1,9,28.381458,0.629725,"us/op",1000,LinkedListSorted,100
"com.zigurs.karlis.utils.sort.SortOperations.collectionsSort","avgt",1,9,28.568239,0.845646,"us/op",1000,LinkedListSorted,250
"com.zigurs.karlis.utils.sort.SortOperations.collectionsSort","avgt",1,9,2126.968965,40.542302,"us/op",10000,ArrayShuffled,1
"com.zigurs.karlis.utils.sort.SortOperations.collectionsSort","avgt",1,9,2197.352297,103.633006,"us/op",10000,ArrayShuffled,5
"com.zigurs.karlis.utils.sort.SortOperations.collectionsSort","avgt",1,9,2131.101421,14.592164,"us/op",10000,ArrayShuffled,10
"com.zigurs.karlis.utils.sort.SortOperations.collectionsSort","avgt",1,9,2115.948024,33.297238,"us/op",10000,ArrayShuffled,100
"com.zigurs.karlis.utils.sort.SortOperations.collectionsSort","avgt",1,9,2171.215401,29.658611,"us/op",10000,ArrayShuffled,250
"com.zigurs.karlis.utils.sort.SortOperations.collectionsSort","avgt",1,9,2423.031274,36.244328,"us/op",10000,LinkedListShuffled,1
"com.zigurs.karlis.utils.sort.SortOperations.collectionsSort","avgt",1,9,2410.992536,25.401251,"us/op",10000,LinkedListShuffled,5
"com.zigurs.karlis.utils.sort.SortOperations.collectionsSort","avgt",1,9,2414.872025,52.401125,"us/op",10000,LinkedListShuffled,10
"com.zigurs.karlis.utils.sort.SortOperations.collectionsSort","avgt",1,9,2412.214164,24.456927,"us/op",10000,LinkedListShuffled,100
"com.zigurs.karlis.utils.sort.SortOperations.collectionsSort","avgt",1,9,2426.807773,63.462335,"us/op",10000,LinkedListShuffled,250
"com.zigurs.karlis.utils.sort.SortOperations.collectionsSort","avgt",1,9,425.713585,81.569957,"us/op",10000,LinkedListSorted,1
"com.zigurs.karlis.utils.sort.SortOperations.collectionsSort","avgt",1,9,411.132934,40.796840,"us/op",10000,LinkedListSorted,5
"com.zigurs.karlis.utils.sort.SortOperations.collectionsSort","avgt",1,9,403.331623,49.164654,"us/op",10000,LinkedListSorted,10
"com.zigurs.karlis.utils.sort.SortOperations.collectionsSort","avgt",1,9,401.164900,54.613015,"us/op",10000,LinkedListSorted,100
"com.zigurs.karlis.utils.sort.SortOperations.collectionsSort","avgt",1,9,399.529225,45.069228,"us/op",10000,LinkedListSorted,250
"com.zigurs.karlis.utils.sort.SortOperations.collectionsSort","avgt",1,9,50008.356380,12883.799162,"us/op",100000,ArrayShuffled,1
"com.zigurs.karlis.utils.sort.SortOperations.collectionsSort","avgt",1,9,55481.681521,11832.604665,"us/op",100000,ArrayShuffled,5
"com.zigurs.karlis.utils.sort.SortOperations.collectionsSort","avgt",1,9,60759.637961,1716.978198,"us/op",100000,ArrayShuffled,10
"com.zigurs.karlis.utils.sort.SortOperations.collectionsSort","avgt",1,9,59762.877404,1265.071669,"us/op",100000,ArrayShuffled,100
"com.zigurs.karlis.utils.sort.SortOperations.collectionsSort","avgt",1,9,54930.320872,6532.921384,"us/op",100000,ArrayShuffled,250
"com.zigurs.karlis.utils.sort.SortOperations.collectionsSort","avgt",1,9,53777.723627,15565.987682,"us/op",100000,LinkedListShuffled,1
"com.zigurs.karlis.utils.sort.SortOperations.collectionsSort","avgt",1,9,59113.399632,7802.960853,"us/op",100000,LinkedListShuffled,5
"com.zigurs.karlis.utils.sort.SortOperations.collectionsSort","avgt",1,9,56067.616073,11626.691295,"us/op",100000,LinkedListShuffled,10
"com.zigurs.karlis.utils.sort.SortOperations.collectionsSort","avgt",1,9,59207.187962,14442.724205,"us/op",100000,LinkedListShuffled,100
"com.zigurs.karlis.utils.sort.SortOperations.collectionsSort","avgt",1,9,56112.926899,14720.312595,"us/op",100000,LinkedListShuffled,250
"com.zigurs.karlis.utils.sort.SortOperations.collectionsSort","avgt",1,9,11888.489184,2601.306728,"us/op",100000,LinkedListSorted,1
"com.zigurs.karlis.utils.sort.SortOperations.collectionsSort","avgt",1,9,12373.303553,3163.950527,"us/op",100000,LinkedListSorted,5
"com.zigurs.karlis.utils.sort.SortOperations.collectionsSort","avgt",1,9,13576.395694,4812.118882,"us/op",100000,LinkedListSorted,10
"com.zigurs.karlis.utils.sort.SortOperations.collectionsSort","avgt",1,9,11862.088286,3285.150879,"us/op",100000,LinkedListSorted,100
"com.zigurs.karlis.utils.sort.SortOperations.collectionsSort","avgt",1,9,12583.700773,3122.625622,"us/op",100000,LinkedListSorted,250
"com.zigurs.karlis.utils.sort.SortOperations.collectionsSort","avgt",1,9,601439.795889,7936.698808,"us/op",1000000,ArrayShuffled,1
"com.zigurs.karlis.utils.sort.SortOperations.collectionsSort","avgt",1,9,603848.625728,35766.662362,"us/op",1000000,ArrayShuffled,5
"com.zigurs.karlis.utils.sort.SortOperations.collectionsSort","avgt",1,9,606692.034025,19078.572908,"us/op",1000000,ArrayShuffled,10
"com.zigurs.karlis.utils.sort.SortOperations.collectionsSort","avgt",1,9,605069.105753,17921.331324,"us/op",1000000,ArrayShuffled,100
"com.zigurs.karlis.utils.sort.SortOperations.collectionsSort","avgt",1,9,582289.942111,18274.545124,"us/op",1000000,ArrayShuffled,250
"com.zigurs.karlis.utils.sort.SortOperations.collectionsSort","avgt",1,9,768792.615632,41881.050733,"us/op",1000000,LinkedListShuffled,1
"com.zigurs.karlis.utils.sort.SortOperations.collectionsSort","avgt",1,9,756073.869349,20680.338958,"us/op",1000000,LinkedListShuffled,5
"com.zigurs.karlis.utils.sort.SortOperations.collectionsSort","avgt",1,9,764910.128190,14695.743860,"us/op",1000000,LinkedListShuffled,10
"com.zigurs.karlis.utils.sort.SortOperations.collectionsSort","avgt",1,9,750200.332857,37860.029509,"us/op",1000000,LinkedListShuffled,100
"com.zigurs.karlis.utils.sort.SortOperations.collectionsSort","avgt",1,9,757592.317868,53110.124738,"us/op",1000000,LinkedListShuffled,250
"com.zigurs.karlis.utils.sort.SortOperations.collectionsSort","avgt",1,9,149366.758317,1565.191487,"us/op",1000000,LinkedListSorted,1
"com.zigurs.karlis.utils.sort.SortOperations.collectionsSort","avgt",1,9,149242.226815,1269.009005,"us/op",1000000,LinkedListSorted,5
"com.zigurs.karlis.utils.sort.SortOperations.collectionsSort","avgt",1,9,155787.105348,12578.917266,"us/op",1000000,LinkedListSorted,10
"com.zigurs.karlis.utils.sort.SortOperations.collectionsSort","avgt",1,9,150982.957670,3250.507411,"us/op",1000000,LinkedListSorted,100
"com.zigurs.karlis.utils.sort.SortOperations.collectionsSort","avgt",1,9,149806.743875,3094.338422,"us/op",1000000,LinkedListSorted,250
"com.zigurs.karlis.utils.sort.SortOperations.magicSort","avgt",1,9,1.411324,0.177174,"us/op",100,ArrayShuffled,1
"com.zigurs.karlis.utils.sort.SortOperations.magicSort","avgt",1,9,2.110167,0.056525,"us/op",100,ArrayShuffled,5
"com.zigurs.karlis.utils.sort.SortOperations.magicSort","avgt",1,9,3.085530,0.087077,"us/op",100,ArrayShuffled,10
"com.zigurs.karlis.utils.sort.SortOperations.magicSort","avgt",1,9,10.585035,0.483483,"us/op",100,ArrayShuffled,100
"com.zigurs.karlis.utils.sort.SortOperations.magicSort","avgt",1,9,10.606813,0.347437,"us/op",100,ArrayShuffled,250
"com.zigurs.karlis.utils.sort.SortOperations.magicSort","avgt",1,9,1.186442,0.030506,"us/op",100,LinkedListShuffled,1
"com.zigurs.karlis.utils.sort.SortOperations.magicSort","avgt",1,9,1.911061,0.082950,"us/op",100,LinkedListShuffled,5
"com.zigurs.karlis.utils.sort.SortOperations.magicSort","avgt",1,9,2.895061,0.091902,"us/op",100,LinkedListShuffled,10
"com.zigurs.karlis.utils.sort.SortOperations.magicSort","avgt",1,9,10.436647,0.120647,"us/op",100,LinkedListShuffled,100
"com.zigurs.karlis.utils.sort.SortOperations.magicSort","avgt",1,9,10.320472,0.324802,"us/op",100,LinkedListShuffled,250
"com.zigurs.karlis.utils.sort.SortOperations.magicSort","avgt",1,9,1.775518,0.070787,"us/op",100,LinkedListSorted,1
"com.zigurs.karlis.utils.sort.SortOperations.magicSort","avgt",1,9,2.373610,0.084607,"us/op",100,LinkedListSorted,5
"com.zigurs.karlis.utils.sort.SortOperations.magicSort","avgt",1,9,2.483284,0.112287,"us/op",100,LinkedListSorted,10
"com.zigurs.karlis.utils.sort.SortOperations.magicSort","avgt",1,9,2.135403,0.221671,"us/op",100,LinkedListSorted,100
"com.zigurs.karlis.utils.sort.SortOperations.magicSort","avgt",1,9,2.244195,0.049165,"us/op",100,LinkedListSorted,250
"com.zigurs.karlis.utils.sort.SortOperations.magicSort","avgt",1,9,12.290486,0.439850,"us/op",1000,ArrayShuffled,1
"com.zigurs.karlis.utils.sort.SortOperations.magicSort","avgt",1,9,15.701815,0.535390,"us/op",1000,ArrayShuffled,5
"com.zigurs.karlis.utils.sort.SortOperations.magicSort","avgt",1,9,17.948717,0.540051,"us/op",1000,ArrayShuffled,10
"com.zigurs.karlis.utils.sort.SortOperations.magicSort","avgt",1,9,50.835686,1.307938,"us/op",1000,ArrayShuffled,100
"com.zigurs.karlis.utils.sort.SortOperations.magicSort","avgt",1,9,93.298395,0.598199,"us/op",1000,ArrayShuffled,250
"com.zigurs.karlis.utils.sort.SortOperations.magicSort","avgt",1,9,12.637847,0.284906,"us/op",1000,LinkedListShuffled,1
"com.zigurs.karlis.utils.sort.SortOperations.magicSort","avgt",1,9,12.904445,0.472486,"us/op",1000,LinkedListShuffled,5
"com.zigurs.karlis.utils.sort.SortOperations.magicSort","avgt",1,9,15.050432,0.590212,"us/op",1000,LinkedListShuffled,10
"com.zigurs.karlis.utils.sort.SortOperations.magicSort","avgt",1,9,51.710894,0.285641,"us/op",1000,LinkedListShuffled,100
"com.zigurs.karlis.utils.sort.SortOperations.magicSort","avgt",1,9,94.418522,2.543095,"us/op",1000,LinkedListShuffled,250
"com.zigurs.karlis.utils.sort.SortOperations.magicSort","avgt",1,9,20.858706,0.722390,"us/op",1000,LinkedListSorted,1
"com.zigurs.karlis.utils.sort.SortOperations.magicSort","avgt",1,9,25.820305,1.448697,"us/op",1000,LinkedListSorted,5
"com.zigurs.karlis.utils.sort.SortOperations.magicSort","avgt",1,9,27.853460,1.101315,"us/op",1000,LinkedListSorted,10
"com.zigurs.karlis.utils.sort.SortOperations.magicSort","avgt",1,9,38.381686,1.834909,"us/op",1000,LinkedListSorted,100
"com.zigurs.karlis.utils.sort.SortOperations.magicSort","avgt",1,9,47.157212,0.892059,"us/op",1000,LinkedListSorted,250
"com.zigurs.karlis.utils.sort.SortOperations.magicSort","avgt",1,9,154.780858,43.670461,"us/op",10000,ArrayShuffled,1
"com.zigurs.karlis.utils.sort.SortOperations.magicSort","avgt",1,9,140.709965,13.403980,"us/op",10000,ArrayShuffled,5
"com.zigurs.karlis.utils.sort.SortOperations.magicSort","avgt",1,9,175.240246,37.429335,"us/op",10000,ArrayShuffled,10
"com.zigurs.karlis.utils.sort.SortOperations.magicSort","avgt",1,9,231.161429,20.238785,"us/op",10000,ArrayShuffled,100
"com.zigurs.karlis.utils.sort.SortOperations.magicSort","avgt",1,9,329.416368,11.725335,"us/op",10000,ArrayShuffled,250
"com.zigurs.karlis.utils.sort.SortOperations.magicSort","avgt",1,9,194.378947,34.466680,"us/op",10000,LinkedListShuffled,1
"com.zigurs.karlis.utils.sort.SortOperations.magicSort","avgt",1,9,208.177340,13.420552,"us/op",10000,LinkedListShuffled,5
"com.zigurs.karlis.utils.sort.SortOperations.magicSort","avgt",1,9,190.104724,6.080014,"us/op",10000,LinkedListShuffled,10
"com.zigurs.karlis.utils.sort.SortOperations.magicSort","avgt",1,9,278.322188,19.641035,"us/op",10000,LinkedListShuffled,100
"com.zigurs.karlis.utils.sort.SortOperations.magicSort","avgt",1,9,397.010036,31.626731,"us/op",10000,LinkedListShuffled,250
"com.zigurs.karlis.utils.sort.SortOperations.magicSort","avgt",1,9,240.089223,27.469912,"us/op",10000,LinkedListSorted,1
"com.zigurs.karlis.utils.sort.SortOperations.magicSort","avgt",1,9,283.711330,10.210866,"us/op",10000,LinkedListSorted,5
"com.zigurs.karlis.utils.sort.SortOperations.magicSort","avgt",1,9,309.034654,29.816531,"us/op",10000,LinkedListSorted,10
"com.zigurs.karlis.utils.sort.SortOperations.magicSort","avgt",1,9,443.862287,4.719797,"us/op",10000,LinkedListSorted,100
"com.zigurs.karlis.utils.sort.SortOperations.magicSort","avgt",1,9,577.586357,21.310840,"us/op",10000,LinkedListSorted,250
"com.zigurs.karlis.utils.sort.SortOperations.magicSort","avgt",1,9,7439.667893,3466.735968,"us/op",100000,ArrayShuffled,1
"com.zigurs.karlis.utils.sort.SortOperations.magicSort","avgt",1,9,8198.861106,3032.790558,"us/op",100000,ArrayShuffled,5
"com.zigurs.karlis.utils.sort.SortOperations.magicSort","avgt",1,9,9038.992224,991.689577,"us/op",100000,ArrayShuffled,10
"com.zigurs.karlis.utils.sort.SortOperations.magicSort","avgt",1,9,5373.548463,102.369200,"us/op",100000,ArrayShuffled,100
"com.zigurs.karlis.utils.sort.SortOperations.magicSort","avgt",1,9,6091.134035,109.431680,"us/op",100000,ArrayShuffled,250
"com.zigurs.karlis.utils.sort.SortOperations.magicSort","avgt",1,9,6225.396927,2912.966059,"us/op",100000,LinkedListShuffled,1
"com.zigurs.karlis.utils.sort.SortOperations.magicSort","avgt",1,9,6655.037811,2407.588955,"us/op",100000,LinkedListShuffled,5
"com.zigurs.karlis.utils.sort.SortOperations.magicSort","avgt",1,9,6492.118358,2378.194160,"us/op",100000,LinkedListShuffled,10
"com.zigurs.karlis.utils.sort.SortOperations.magicSort","avgt",1,9,6711.583556,2596.331779,"us/op",100000,LinkedListShuffled,100
"com.zigurs.karlis.utils.sort.SortOperations.magicSort","avgt",1,9,5072.260484,112.595445,"us/op",100000,LinkedListShuffled,250
"com.zigurs.karlis.utils.sort.SortOperations.magicSort","avgt",1,9,10674.089877,322.363379,"us/op",100000,LinkedListSorted,1
"com.zigurs.karlis.utils.sort.SortOperations.magicSort","avgt",1,9,10383.519788,2797.973346,"us/op",100000,LinkedListSorted,5
"com.zigurs.karlis.utils.sort.SortOperations.magicSort","avgt",1,9,9828.262188,2640.876535,"us/op",100000,LinkedListSorted,10
"com.zigurs.karlis.utils.sort.SortOperations.magicSort","avgt",1,9,10693.660909,91.054311,"us/op",100000,LinkedListSorted,100
"com.zigurs.karlis.utils.sort.SortOperations.magicSort","avgt",1,9,11330.931567,255.156205,"us/op",100000,LinkedListSorted,250
"com.zigurs.karlis.utils.sort.SortOperations.magicSort","avgt",1,9,54165.259020,782.191798,"us/op",1000000,ArrayShuffled,1
"com.zigurs.karlis.utils.sort.SortOperations.magicSort","avgt",1,9,69524.127578,678.267143,"us/op",1000000,ArrayShuffled,5
"com.zigurs.karlis.utils.sort.SortOperations.magicSort","avgt",1,9,72334.813933,13864.480938,"us/op",1000000,ArrayShuffled,10
"com.zigurs.karlis.utils.sort.SortOperations.magicSort","avgt",1,9,69324.687792,1198.093240,"us/op",1000000,ArrayShuffled,100
"com.zigurs.karlis.utils.sort.SortOperations.magicSort","avgt",1,9,69475.996306,1830.888843,"us/op",1000000,ArrayShuffled,250
"com.zigurs.karlis.utils.sort.SortOperations.magicSort","avgt",1,9,91921.542697,6020.411500,"us/op",1000000,LinkedListShuffled,1
"com.zigurs.karlis.utils.sort.SortOperations.magicSort","avgt",1,9,97966.348852,7641.796632,"us/op",1000000,LinkedListShuffled,5
"com.zigurs.karlis.utils.sort.SortOperations.magicSort","avgt",1,9,103252.434575,3248.120391,"us/op",1000000,LinkedListShuffled,10
"com.zigurs.karlis.utils.sort.SortOperations.magicSort","avgt",1,9,102418.460124,11865.198459,"us/op",1000000,LinkedListShuffled,100
"com.zigurs.karlis.utils.sort.SortOperations.magicSort","avgt",1,9,101400.327794,14367.243652,"us/op",1000000,LinkedListShuffled,250
"com.zigurs.karlis.utils.sort.SortOperations.magicSort","avgt",1,9,59666.109885,3604.300134,"us/op",1000000,LinkedListSorted,1
"com.zigurs.karlis.utils.sort.SortOperations.magicSort","avgt",1,9,65768.591283,4466.553975,"us/op",1000000,LinkedListSorted,5
"com.zigurs.karlis.utils.sort.SortOperations.magicSort","avgt",1,9,78039.470172,14421.549788,"us/op",1000000,LinkedListSorted,10
"com.zigurs.karlis.utils.sort.SortOperations.magicSort","avgt",1,9,89418.839887,3896.074504,"us/op",1000000,LinkedListSorted,100
"com.zigurs.karlis.utils.sort.SortOperations.magicSort","avgt",1,9,102158.429741,7077.844052,"us/op",1000000,LinkedListSorted,250
"com.zigurs.karlis.utils.sort.SortOperations.magicSortParallelStream","avgt",1,9,32.701548,0.842027,"us/op",100,ArrayShuffled,1
"com.zigurs.karlis.utils.sort.SortOperations.magicSortParallelStream","avgt",1,9,33.776532,1.217795,"us/op",100,ArrayShuffled,5
"com.zigurs.karlis.utils.sort.SortOperations.magicSortParallelStream","avgt",1,9,36.683532,1.593766,"us/op",100,ArrayShuffled,10
"com.zigurs.karlis.utils.sort.SortOperations.magicSortParallelStream","avgt",1,9,51.132975,1.351108,"us/op",100,ArrayShuffled,100
"com.zigurs.karlis.utils.sort.SortOperations.magicSortParallelStream","avgt",1,9,50.532715,0.874718,"us/op",100,ArrayShuffled,250
"com.zigurs.karlis.utils.sort.SortOperations.magicSortParallelStream","avgt",1,9,32.726822,1.221708,"us/op",100,LinkedListShuffled,1
"com.zigurs.karlis.utils.sort.SortOperations.magicSortParallelStream","avgt",1,9,35.134702,1.677313,"us/op",100,LinkedListShuffled,5
"com.zigurs.karlis.utils.sort.SortOperations.magicSortParallelStream","avgt",1,9,36.427459,1.429813,"us/op",100,LinkedListShuffled,10
"com.zigurs.karlis.utils.sort.SortOperations.magicSortParallelStream","avgt",1,9,51.659717,1.333543,"us/op",100,LinkedListShuffled,100
"com.zigurs.karlis.utils.sort.SortOperations.magicSortParallelStream","avgt",1,9,50.923509,1.275868,"us/op",100,LinkedListShuffled,250
"com.zigurs.karlis.utils.sort.SortOperations.magicSortParallelStream","avgt",1,9,33.598011,0.861153,"us/op",100,LinkedListSorted,1
"com.zigurs.karlis.utils.sort.SortOperations.magicSortParallelStream","avgt",1,9,35.007691,1.574818,"us/op",100,LinkedListSorted,5
"com.zigurs.karlis.utils.sort.SortOperations.magicSortParallelStream","avgt",1,9,36.471570,1.922799,"us/op",100,LinkedListSorted,10
"com.zigurs.karlis.utils.sort.SortOperations.magicSortParallelStream","avgt",1,9,37.008081,0.785831,"us/op",100,LinkedListSorted,100
"com.zigurs.karlis.utils.sort.SortOperations.magicSortParallelStream","avgt",1,9,37.607389,0.938048,"us/op",100,LinkedListSorted,250
"com.zigurs.karlis.utils.sort.SortOperations.magicSortParallelStream","avgt",1,9,63.759070,3.421963,"us/op",1000,ArrayShuffled,1
"com.zigurs.karlis.utils.sort.SortOperations.magicSortParallelStream","avgt",1,9,82.097020,1.873909,"us/op",1000,ArrayShuffled,5
"com.zigurs.karlis.utils.sort.SortOperations.magicSortParallelStream","avgt",1,9,91.673696,1.791823,"us/op",1000,ArrayShuffled,10
"com.zigurs.karlis.utils.sort.SortOperations.magicSortParallelStream","avgt",1,9,148.909641,6.441148,"us/op",1000,ArrayShuffled,100
"com.zigurs.karlis.utils.sort.SortOperations.magicSortParallelStream","avgt",1,9,192.501123,7.229686,"us/op",1000,ArrayShuffled,250
"com.zigurs.karlis.utils.sort.SortOperations.magicSortParallelStream","avgt",1,9,67.190232,4.384162,"us/op",1000,LinkedListShuffled,1
"com.zigurs.karlis.utils.sort.SortOperations.magicSortParallelStream","avgt",1,9,84.107962,3.164889,"us/op",1000,LinkedListShuffled,5
"com.zigurs.karlis.utils.sort.SortOperations.magicSortParallelStream","avgt",1,9,96.185672,2.875693,"us/op",1000,LinkedListShuffled,10
"com.zigurs.karlis.utils.sort.SortOperations.magicSortParallelStream","avgt",1,9,149.900165,3.847956,"us/op",1000,LinkedListShuffled,100
"com.zigurs.karlis.utils.sort.SortOperations.magicSortParallelStream","avgt",1,9,192.979809,6.162668,"us/op",1000,LinkedListShuffled,250
"com.zigurs.karlis.utils.sort.SortOperations.magicSortParallelStream","avgt",1,9,81.064833,6.652136,"us/op",1000,LinkedListSorted,1
"com.zigurs.karlis.utils.sort.SortOperations.magicSortParallelStream","avgt",1,9,97.283682,6.556266,"us/op",1000,LinkedListSorted,5
"com.zigurs.karlis.utils.sort.SortOperations.magicSortParallelStream","avgt",1,9,98.973190,9.652899,"us/op",1000,LinkedListSorted,10
"com.zigurs.karlis.utils.sort.SortOperations.magicSortParallelStream","avgt",1,9,129.145565,6.015475,"us/op",1000,LinkedListSorted,100
"com.zigurs.karlis.utils.sort.SortOperations.magicSortParallelStream","avgt",1,9,164.020627,7.102046,"us/op",1000,LinkedListSorted,250
"com.zigurs.karlis.utils.sort.SortOperations.magicSortParallelStream","avgt",1,9,154.859969,27.048997,"us/op",10000,ArrayShuffled,1
"com.zigurs.karlis.utils.sort.SortOperations.magicSortParallelStream","avgt",1,9,171.389433,31.669306,"us/op",10000,ArrayShuffled,5
"com.zigurs.karlis.utils.sort.SortOperations.magicSortParallelStream","avgt",1,9,182.707226,35.847116,"us/op",10000,ArrayShuffled,10
"com.zigurs.karlis.utils.sort.SortOperations.magicSortParallelStream","avgt",1,9,581.612594,74.890505,"us/op",10000,ArrayShuffled,100
"com.zigurs.karlis.utils.sort.SortOperations.magicSortParallelStream","avgt",1,9,974.566575,64.097471,"us/op",10000,ArrayShuffled,250
"com.zigurs.karlis.utils.sort.SortOperations.magicSortParallelStream","avgt",1,9,606.891110,194.019689,"us/op",10000,LinkedListShuffled,1
"com.zigurs.karlis.utils.sort.SortOperations.magicSortParallelStream","avgt",1,9,669.642480,163.593730,"us/op",10000,LinkedListShuffled,5
"com.zigurs.karlis.utils.sort.SortOperations.magicSortParallelStream","avgt",1,9,597.575045,129.148673,"us/op",10000,LinkedListShuffled,10
"com.zigurs.karlis.utils.sort.SortOperations.magicSortParallelStream","avgt",1,9,848.685843,155.997056,"us/op",10000,LinkedListShuffled,100
"com.zigurs.karlis.utils.sort.SortOperations.magicSortParallelStream","avgt",1,9,886.101187,164.554098,"us/op",10000,LinkedListShuffled,250
"com.zigurs.karlis.utils.sort.SortOperations.magicSortParallelStream","avgt",1,9,725.677157,176.956812,"us/op",10000,LinkedListSorted,1
"com.zigurs.karlis.utils.sort.SortOperations.magicSortParallelStream","avgt",1,9,710.682700,236.717235,"us/op",10000,LinkedListSorted,5
"com.zigurs.karlis.utils.sort.SortOperations.magicSortParallelStream","avgt",1,9,716.429843,239.339665,"us/op",10000,LinkedListSorted,10
"com.zigurs.karlis.utils.sort.SortOperations.magicSortParallelStream","avgt",1,9,783.196083,260.550706,"us/op",10000,LinkedListSorted,100
"com.zigurs.karlis.utils.sort.SortOperations.magicSortParallelStream","avgt",1,9,970.190331,238.212588,"us/op",10000,LinkedListSorted,250
"com.zigurs.karlis.utils.sort.SortOperations.magicSortParallelStream","avgt",1,9,1189.245427,84.126275,"us/op",100000,ArrayShuffled,1
"com.zigurs.karlis.utils.sort.SortOperations.magicSortParallelStream","avgt",1,9,1198.487995,141.566218,"us/op",100000,ArrayShuffled,5
"com.zigurs.karlis.utils.sort.SortOperations.magicSortParallelStream","avgt",1,9,1196.904227,99.033973,"us/op",100000,ArrayShuffled,10
"com.zigurs.karlis.utils.sort.SortOperations.magicSortParallelStream","avgt",1,9,1822.585071,162.839257,"us/op",100000,ArrayShuffled,100
"com.zigurs.karlis.utils.sort.SortOperations.magicSortParallelStream","avgt",1,9,2720.761343,282.474566,"us/op",100000,ArrayShuffled,250
"com.zigurs.karlis.utils.sort.SortOperations.magicSortParallelStream","avgt",1,9,6520.616143,1152.450034,"us/op",100000,LinkedListShuffled,1
"com.zigurs.karlis.utils.sort.SortOperations.magicSortParallelStream","avgt",1,9,7878.149816,3185.938313,"us/op",100000,LinkedListShuffled,5
"com.zigurs.karlis.utils.sort.SortOperations.magicSortParallelStream","avgt",1,9,7414.660916,1806.253372,"us/op",100000,LinkedListShuffled,10
"com.zigurs.karlis.utils.sort.SortOperations.magicSortParallelStream","avgt",1,9,6832.898218,1517.109059,"us/op",100000,LinkedListShuffled,100
"com.zigurs.karlis.utils.sort.SortOperations.magicSortParallelStream","avgt",1,9,8621.175286,3238.018484,"us/op",100000,LinkedListShuffled,250
"com.zigurs.karlis.utils.sort.SortOperations.magicSortParallelStream","avgt",1,9,10487.108179,4303.417409,"us/op",100000,LinkedListSorted,1
"com.zigurs.karlis.utils.sort.SortOperations.magicSortParallelStream","avgt",1,9,8701.871861,924.150425,"us/op",100000,LinkedListSorted,5
"com.zigurs.karlis.utils.sort.SortOperations.magicSortParallelStream","avgt",1,9,9604.462885,3660.522852,"us/op",100000,LinkedListSorted,10
"com.zigurs.karlis.utils.sort.SortOperations.magicSortParallelStream","avgt",1,9,9069.389647,841.695892,"us/op",100000,LinkedListSorted,100
"com.zigurs.karlis.utils.sort.SortOperations.magicSortParallelStream","avgt",1,9,10170.379519,2987.770985,"us/op",100000,LinkedListSorted,250
"com.zigurs.karlis.utils.sort.SortOperations.magicSortParallelStream","avgt",1,9,11041.969817,2589.922836,"us/op",1000000,ArrayShuffled,1
"com.zigurs.karlis.utils.sort.SortOperations.magicSortParallelStream","avgt",1,9,10656.940173,574.973888,"us/op",1000000,ArrayShuffled,5
"com.zigurs.karlis.utils.sort.SortOperations.magicSortParallelStream","avgt",1,9,10430.042844,2459.405172,"us/op",1000000,ArrayShuffled,10
"com.zigurs.karlis.utils.sort.SortOperations.magicSortParallelStream","avgt",1,9,12373.298389,1470.424397,"us/op",1000000,ArrayShuffled,100
"com.zigurs.karlis.utils.sort.SortOperations.magicSortParallelStream","avgt",1,9,13282.858919,2540.390955,"us/op",1000000,ArrayShuffled,250
"com.zigurs.karlis.utils.sort.SortOperations.magicSortParallelStream","avgt",1,9,85660.116747,5535.133995,"us/op",1000000,LinkedListShuffled,1
"com.zigurs.karlis.utils.sort.SortOperations.magicSortParallelStream","avgt",1,9,84728.092798,6709.634874,"us/op",1000000,LinkedListShuffled,5
"com.zigurs.karlis.utils.sort.SortOperations.magicSortParallelStream","avgt",1,9,83651.655232,1677.560001,"us/op",1000000,LinkedListShuffled,10
"com.zigurs.karlis.utils.sort.SortOperations.magicSortParallelStream","avgt",1,9,89163.153253,15025.065043,"us/op",1000000,LinkedListShuffled,100
"com.zigurs.karlis.utils.sort.SortOperations.magicSortParallelStream","avgt",1,9,89403.997131,12407.036924,"us/op",1000000,LinkedListShuffled,250
"com.zigurs.karlis.utils.sort.SortOperations.magicSortParallelStream","avgt",1,9,91818.551094,14193.401025,"us/op",1000000,LinkedListSorted,1
"com.zigurs.karlis.utils.sort.SortOperations.magicSortParallelStream","avgt",1,9,90001.810958,12518.023677,"us/op",1000000,LinkedListSorted,5
"com.zigurs.karlis.utils.sort.SortOperations.magicSortParallelStream","avgt",1,9,91543.884949,20010.797472,"us/op",1000000,LinkedListSorted,10
"com.zigurs.karlis.utils.sort.SortOperations.magicSortParallelStream","avgt",1,9,87014.581946,4482.409980,"us/op",1000000,LinkedListSorted,100
"com.zigurs.karlis.utils.sort.SortOperations.magicSortParallelStream","avgt",1,9,91577.215556,13294.337702,"us/op",1000000,LinkedListSorted,250
"com.zigurs.karlis.utils.sort.SortOperations.magicSortStream","avgt",1,9,1.316061,0.062227,"us/op",100,ArrayShuffled,1
"com.zigurs.karlis.utils.sort.SortOperations.magicSortStream","avgt",1,9,2.272806,0.094602,"us/op",100,ArrayShuffled,5
"com.zigurs.karlis.utils.sort.SortOperations.magicSortStream","avgt",1,9,3.483517,0.097330,"us/op",100,ArrayShuffled,10
"com.zigurs.karlis.utils.sort.SortOperations.magicSortStream","avgt",1,9,10.659011,0.281607,"us/op",100,ArrayShuffled,100
"com.zigurs.karlis.utils.sort.SortOperations.magicSortStream","avgt",1,9,10.646936,0.195078,"us/op",100,ArrayShuffled,250
"com.zigurs.karlis.utils.sort.SortOperations.magicSortStream","avgt",1,9,1.221143,0.103037,"us/op",100,LinkedListShuffled,1
"com.zigurs.karlis.utils.sort.SortOperations.magicSortStream","avgt",1,9,1.960907,0.046242,"us/op",100,LinkedListShuffled,5
"com.zigurs.karlis.utils.sort.SortOperations.magicSortStream","avgt",1,9,3.084003,0.076972,"us/op",100,LinkedListShuffled,10
"com.zigurs.karlis.utils.sort.SortOperations.magicSortStream","avgt",1,9,10.023160,0.169454,"us/op",100,LinkedListShuffled,100
"com.zigurs.karlis.utils.sort.SortOperations.magicSortStream","avgt",1,9,10.558889,0.977487,"us/op",100,LinkedListShuffled,250
"com.zigurs.karlis.utils.sort.SortOperations.magicSortStream","avgt",1,9,2.075101,0.038808,"us/op",100,LinkedListSorted,1
"com.zigurs.karlis.utils.sort.SortOperations.magicSortStream","avgt",1,9,3.044752,0.067818,"us/op",100,LinkedListSorted,5
"com.zigurs.karlis.utils.sort.SortOperations.magicSortStream","avgt",1,9,3.403511,0.109812,"us/op",100,LinkedListSorted,10
"com.zigurs.karlis.utils.sort.SortOperations.magicSortStream","avgt",1,9,1.965455,0.197460,"us/op",100,LinkedListSorted,100
"com.zigurs.karlis.utils.sort.SortOperations.magicSortStream","avgt",1,9,2.154595,0.092104,"us/op",100,LinkedListSorted,250
"com.zigurs.karlis.utils.sort.SortOperations.magicSortStream","avgt",1,9,12.218138,0.446704,"us/op",1000,ArrayShuffled,1
"com.zigurs.karlis.utils.sort.SortOperations.magicSortStream","avgt",1,9,14.063718,1.269986,"us/op",1000,ArrayShuffled,5
"com.zigurs.karlis.utils.sort.SortOperations.magicSortStream","avgt",1,9,16.169714,3.004354,"us/op",1000,ArrayShuffled,10
"com.zigurs.karlis.utils.sort.SortOperations.magicSortStream","avgt",1,9,59.762078,1.539476,"us/op",1000,ArrayShuffled,100
"com.zigurs.karlis.utils.sort.SortOperations.magicSortStream","avgt",1,9,104.357240,1.100704,"us/op",1000,ArrayShuffled,250
"com.zigurs.karlis.utils.sort.SortOperations.magicSortStream","avgt",1,9,9.112187,0.324953,"us/op",1000,LinkedListShuffled,1
"com.zigurs.karlis.utils.sort.SortOperations.magicSortStream","avgt",1,9,10.219314,0.229875,"us/op",1000,LinkedListShuffled,5
"com.zigurs.karlis.utils.sort.SortOperations.magicSortStream","avgt",1,9,12.092482,1.078571,"us/op",1000,LinkedListShuffled,10
"com.zigurs.karlis.utils.sort.SortOperations.magicSortStream","avgt",1,9,52.115043,0.649138,"us/op",1000,LinkedListShuffled,100
"com.zigurs.karlis.utils.sort.SortOperations.magicSortStream","avgt",1,9,99.712051,1.826189,"us/op",1000,LinkedListShuffled,250
"com.zigurs.karlis.utils.sort.SortOperations.magicSortStream","avgt",1,9,22.237766,0.680074,"us/op",1000,LinkedListSorted,1
"com.zigurs.karlis.utils.sort.SortOperations.magicSortStream","avgt",1,9,33.051114,0.300241,"us/op",1000,LinkedListSorted,5
"com.zigurs.karlis.utils.sort.SortOperations.magicSortStream","avgt",1,9,37.381491,0.313417,"us/op",1000,LinkedListSorted,10
"com.zigurs.karlis.utils.sort.SortOperations.magicSortStream","avgt",1,9,54.279315,1.618765,"us/op",1000,LinkedListSorted,100
"com.zigurs.karlis.utils.sort.SortOperations.magicSortStream","avgt",1,9,63.081567,1.513635,"us/op",1000,LinkedListSorted,250
"com.zigurs.karlis.utils.sort.SortOperations.magicSortStream","avgt",1,9,167.918587,15.606364,"us/op",10000,ArrayShuffled,1
"com.zigurs.karlis.utils.sort.SortOperations.magicSortStream","avgt",1,9,166.302607,11.566438,"us/op",10000,ArrayShuffled,5
"com.zigurs.karlis.utils.sort.SortOperations.magicSortStream","avgt",1,9,174.737735,25.114485,"us/op",10000,ArrayShuffled,10
"com.zigurs.karlis.utils.sort.SortOperations.magicSortStream","avgt",1,9,226.110731,13.473054,"us/op",10000,ArrayShuffled,100
"com.zigurs.karlis.utils.sort.SortOperations.magicSortStream","avgt",1,9,394.660979,44.774704,"us/op",10000,ArrayShuffled,250
"com.zigurs.karlis.utils.sort.SortOperations.magicSortStream","avgt",1,9,173.934275,5.003033,"us/op",10000,LinkedListShuffled,1
"com.zigurs.karlis.utils.sort.SortOperations.magicSortStream","avgt",1,9,171.840691,5.231060,"us/op",10000,LinkedListShuffled,5
"com.zigurs.karlis.utils.sort.SortOperations.magicSortStream","avgt",1,9,175.928925,8.606054,"us/op",10000,LinkedListShuffled,10
"com.zigurs.karlis.utils.sort.SortOperations.magicSortStream","avgt",1,9,241.756895,13.010019,"us/op",10000,LinkedListShuffled,100
"com.zigurs.karlis.utils.sort.SortOperations.magicSortStream","avgt",1,9,377.564504,5.439258,"us/op",10000,LinkedListShuffled,250
"com.zigurs.karlis.utils.sort.SortOperations.magicSortStream","avgt",1,9,259.362655,12.668946,"us/op",10000,LinkedListSorted,1
"com.zigurs.karlis.utils.sort.SortOperations.magicSortStream","avgt",1,9,381.671187,55.918391,"us/op",10000,LinkedListSorted,5
"com.zigurs.karlis.utils.sort.SortOperations.magicSortStream","avgt",1,9,435.339799,95.015083,"us/op",10000,LinkedListSorted,10
"com.zigurs.karlis.utils.sort.SortOperations.magicSortStream","avgt",1,9,636.498281,64.716528,"us/op",10000,LinkedListSorted,100
"com.zigurs.karlis.utils.sort.SortOperations.magicSortStream","avgt",1,9,780.533788,20.002018,"us/op",10000,LinkedListSorted,250
"com.zigurs.karlis.utils.sort.SortOperations.magicSortStream","avgt",1,9,5290.486229,89.867088,"us/op",100000,ArrayShuffled,1
"com.zigurs.karlis.utils.sort.SortOperations.magicSortStream","avgt",1,9,5318.656831,192.327860,"us/op",100000,ArrayShuffled,5
"com.zigurs.karlis.utils.sort.SortOperations.magicSortStream","avgt",1,9,5289.739662,62.738785,"us/op",100000,ArrayShuffled,10
"com.zigurs.karlis.utils.sort.SortOperations.magicSortStream","avgt",1,9,5251.413704,212.623820,"us/op",100000,ArrayShuffled,100
"com.zigurs.karlis.utils.sort.SortOperations.magicSortStream","avgt",1,9,5772.744675,631.300381,"us/op",100000,ArrayShuffled,250
"com.zigurs.karlis.utils.sort.SortOperations.magicSortStream","avgt",1,9,4072.207150,735.014599,"us/op",100000,LinkedListShuffled,1
"com.zigurs.karlis.utils.sort.SortOperations.magicSortStream","avgt",1,9,4461.785596,832.055725,"us/op",100000,LinkedListShuffled,5
"com.zigurs.karlis.utils.sort.SortOperations.magicSortStream","avgt",1,9,4401.157083,677.808350,"us/op",100000,LinkedListShuffled,10
"com.zigurs.karlis.utils.sort.SortOperations.magicSortStream","avgt",1,9,4806.338467,876.100403,"us/op",100000,LinkedListShuffled,100
"com.zigurs.karlis.utils.sort.SortOperations.magicSortStream","avgt",1,9,4596.371727,798.068146,"us/op",100000,LinkedListShuffled,250
"com.zigurs.karlis.utils.sort.SortOperations.magicSortStream","avgt",1,9,7485.701984,72.636390,"us/op",100000,LinkedListSorted,1
"com.zigurs.karlis.utils.sort.SortOperations.magicSortStream","avgt",1,9,9351.370074,461.859924,"us/op",100000,LinkedListSorted,5
"com.zigurs.karlis.utils.sort.SortOperations.magicSortStream","avgt",1,9,9542.147757,2182.544709,"us/op",100000,LinkedListSorted,10
"com.zigurs.karlis.utils.sort.SortOperations.magicSortStream","avgt",1,9,11086.121101,885.880518,"us/op",100000,LinkedListSorted,100
"com.zigurs.karlis.utils.sort.SortOperations.magicSortStream","avgt",1,9,12003.070658,1876.267095,"us/op",100000,LinkedListSorted,250
"com.zigurs.karlis.utils.sort.SortOperations.magicSortStream","avgt",1,9,61563.719978,2590.864992,"us/op",1000000,ArrayShuffled,1
"com.zigurs.karlis.utils.sort.SortOperations.magicSortStream","avgt",1,9,60506.702222,1239.364707,"us/op",1000000,ArrayShuffled,5
"com.zigurs.karlis.utils.sort.SortOperations.magicSortStream","avgt",1,9,63623.172344,4276.155134,"us/op",1000000,ArrayShuffled,10
"com.zigurs.karlis.utils.sort.SortOperations.magicSortStream","avgt",1,9,61284.761926,8843.467972,"us/op",1000000,ArrayShuffled,100
"com.zigurs.karlis.utils.sort.SortOperations.magicSortStream","avgt",1,9,71564.893170,4808.717049,"us/op",1000000,ArrayShuffled,250
"com.zigurs.karlis.utils.sort.SortOperations.magicSortStream","avgt",1,9,87809.186663,5442.616513,"us/op",1000000,LinkedListShuffled,1
"com.zigurs.karlis.utils.sort.SortOperations.magicSortStream","avgt",1,9,85676.673343,1703.536521,"us/op",1000000,LinkedListShuffled,5
"com.zigurs.karlis.utils.sort.SortOperations.magicSortStream","avgt",1,9,86770.253425,3359.800761,"us/op",1000000,LinkedListShuffled,10
"com.zigurs.karlis.utils.sort.SortOperations.magicSortStream","avgt",1,9,89113.196652,6811.503042,"us/op",1000000,LinkedListShuffled,100
"com.zigurs.karlis.utils.sort.SortOperations.magicSortStream","avgt",1,9,86403.311416,2846.065973,"us/op",1000000,LinkedListShuffled,250
"com.zigurs.karlis.utils.sort.SortOperations.magicSortStream","avgt",1,9,61332.483047,3210.977460,"us/op",1000000,LinkedListSorted,1
"com.zigurs.karlis.utils.sort.SortOperations.magicSortStream","avgt",1,9,73489.455502,3435.107399,"us/op",1000000,LinkedListSorted,5
"com.zigurs.karlis.utils.sort.SortOperations.magicSortStream","avgt",1,9,80596.509722,3711.310020,"us/op",1000000,LinkedListSorted,10
"com.zigurs.karlis.utils.sort.SortOperations.magicSortStream","avgt",1,9,95631.320665,3079.353536,"us/op",1000000,LinkedListSorted,100
"com.zigurs.karlis.utils.sort.SortOperations.magicSortStream","avgt",1,9,110487.917692,4146.067495,"us/op",1000000,LinkedListSorted,250
"com.zigurs.karlis.utils.sort.SortOperations.streamParallelSort","avgt",1,9,67.000176,1.527979,"us/op",100,ArrayShuffled,1
"com.zigurs.karlis.utils.sort.SortOperations.streamParallelSort","avgt",1,9,86.037689,1.928652,"us/op",100,ArrayShuffled,5
"com.zigurs.karlis.utils.sort.SortOperations.streamParallelSort","avgt",1,9,100.151580,1.237439,"us/op",100,ArrayShuffled,10
"com.zigurs.karlis.utils.sort.SortOperations.streamParallelSort","avgt",1,9,98.967595,1.741616,"us/op",100,ArrayShuffled,100
"com.zigurs.karlis.utils.sort.SortOperations.streamParallelSort","avgt",1,9,99.306631,1.377541,"us/op",100,ArrayShuffled,250
"com.zigurs.karlis.utils.sort.SortOperations.streamParallelSort","avgt",1,9,69.487581,1.401465,"us/op",100,LinkedListShuffled,1
"com.zigurs.karlis.utils.sort.SortOperations.streamParallelSort","avgt",1,9,86.692978,2.546598,"us/op",100,LinkedListShuffled,5
"com.zigurs.karlis.utils.sort.SortOperations.streamParallelSort","avgt",1,9,99.341555,1.281439,"us/op",100,LinkedListShuffled,10
"com.zigurs.karlis.utils.sort.SortOperations.streamParallelSort","avgt",1,9,100.299438,1.313267,"us/op",100,LinkedListShuffled,100
"com.zigurs.karlis.utils.sort.SortOperations.streamParallelSort","avgt",1,9,99.882372,1.469654,"us/op",100,LinkedListShuffled,250
"com.zigurs.karlis.utils.sort.SortOperations.streamParallelSort","avgt",1,9,57.435939,1.738367,"us/op",100,LinkedListSorted,1
"com.zigurs.karlis.utils.sort.SortOperations.streamParallelSort","avgt",1,9,76.134028,1.118314,"us/op",100,LinkedListSorted,5
"com.zigurs.karlis.utils.sort.SortOperations.streamParallelSort","avgt",1,9,81.223416,1.318441,"us/op",100,LinkedListSorted,10
"com.zigurs.karlis.utils.sort.SortOperations.streamParallelSort","avgt",1,9,81.825333,1.531145,"us/op",100,LinkedListSorted,100
"com.zigurs.karlis.utils.sort.SortOperations.streamParallelSort","avgt",1,9,82.387412,3.078247,"us/op",100,LinkedListSorted,250
"com.zigurs.karlis.utils.sort.SortOperations.streamParallelSort","avgt",1,9,264.604839,16.131096,"us/op",1000,ArrayShuffled,1
"com.zigurs.karlis.utils.sort.SortOperations.streamParallelSort","avgt",1,9,300.948732,11.468985,"us/op",1000,ArrayShuffled,5
"com.zigurs.karlis.utils.sort.SortOperations.streamParallelSort","avgt",1,9,307.229161,5.135260,"us/op",1000,ArrayShuffled,10
"com.zigurs.karlis.utils.sort.SortOperations.streamParallelSort","avgt",1,9,319.791684,9.309300,"us/op",1000,ArrayShuffled,100
"com.zigurs.karlis.utils.sort.SortOperations.streamParallelSort","avgt",1,9,317.013450,7.635894,"us/op",1000,ArrayShuffled,250
"com.zigurs.karlis.utils.sort.SortOperations.streamParallelSort","avgt",1,9,270.939660,5.721239,"us/op",1000,LinkedListShuffled,1
"com.zigurs.karlis.utils.sort.SortOperations.streamParallelSort","avgt",1,9,299.637883,8.425144,"us/op",1000,LinkedListShuffled,5
"com.zigurs.karlis.utils.sort.SortOperations.streamParallelSort","avgt",1,9,313.157325,15.677061,"us/op",1000,LinkedListShuffled,10
"com.zigurs.karlis.utils.sort.SortOperations.streamParallelSort","avgt",1,9,322.151428,6.939043,"us/op",1000,LinkedListShuffled,100
"com.zigurs.karlis.utils.sort.SortOperations.streamParallelSort","avgt",1,9,319.604574,6.843232,"us/op",1000,LinkedListShuffled,250
"com.zigurs.karlis.utils.sort.SortOperations.streamParallelSort","avgt",1,9,125.550425,5.526874,"us/op",1000,LinkedListSorted,1
"com.zigurs.karlis.utils.sort.SortOperations.streamParallelSort","avgt",1,9,159.029192,5.021993,"us/op",1000,LinkedListSorted,5
"com.zigurs.karlis.utils.sort.SortOperations.streamParallelSort","avgt",1,9,169.158446,4.440795,"us/op",1000,LinkedListSorted,10
"com.zigurs.karlis.utils.sort.SortOperations.streamParallelSort","avgt",1,9,171.899902,10.012377,"us/op",1000,LinkedListSorted,100
"com.zigurs.karlis.utils.sort.SortOperations.streamParallelSort","avgt",1,9,170.422124,6.405486,"us/op",1000,LinkedListSorted,250
"com.zigurs.karlis.utils.sort.SortOperations.streamParallelSort","avgt",1,9,1728.804647,76.025326,"us/op",10000,ArrayShuffled,1
"com.zigurs.karlis.utils.sort.SortOperations.streamParallelSort","avgt",1,9,1677.188056,122.843672,"us/op",10000,ArrayShuffled,5
"com.zigurs.karlis.utils.sort.SortOperations.streamParallelSort","avgt",1,9,1770.275919,49.152926,"us/op",10000,ArrayShuffled,10
"com.zigurs.karlis.utils.sort.SortOperations.streamParallelSort","avgt",1,9,1800.961165,95.200568,"us/op",10000,ArrayShuffled,100
"com.zigurs.karlis.utils.sort.SortOperations.streamParallelSort","avgt",1,9,1831.575630,83.102224,"us/op",10000,ArrayShuffled,250
"com.zigurs.karlis.utils.sort.SortOperations.streamParallelSort","avgt",1,9,1969.868086,247.196986,"us/op",10000,LinkedListShuffled,1
"com.zigurs.karlis.utils.sort.SortOperations.streamParallelSort","avgt",1,9,2194.384566,84.883212,"us/op",10000,LinkedListShuffled,5
"com.zigurs.karlis.utils.sort.SortOperations.streamParallelSort","avgt",1,9,2115.868312,283.647007,"us/op",10000,LinkedListShuffled,10
"com.zigurs.karlis.utils.sort.SortOperations.streamParallelSort","avgt",1,9,2141.054313,115.002179,"us/op",10000,LinkedListShuffled,100
"com.zigurs.karlis.utils.sort.SortOperations.streamParallelSort","avgt",1,9,2165.649736,112.358967,"us/op",10000,LinkedListShuffled,250
"com.zigurs.karlis.utils.sort.SortOperations.streamParallelSort","avgt",1,9,937.665895,306.902675,"us/op",10000,LinkedListSorted,1
"com.zigurs.karlis.utils.sort.SortOperations.streamParallelSort","avgt",1,9,1051.786575,179.088776,"us/op",10000,LinkedListSorted,5
"com.zigurs.karlis.utils.sort.SortOperations.streamParallelSort","avgt",1,9,998.249917,151.130838,"us/op",10000,LinkedListSorted,10
"com.zigurs.karlis.utils.sort.SortOperations.streamParallelSort","avgt",1,9,1087.127674,224.636313,"us/op",10000,LinkedListSorted,100
"com.zigurs.karlis.utils.sort.SortOperations.streamParallelSort","avgt",1,9,1073.828482,267.127889,"us/op",10000,LinkedListSorted,250
"com.zigurs.karlis.utils.sort.SortOperations.streamParallelSort","avgt",1,9,9044.495186,844.910774,"us/op",100000,ArrayShuffled,1
"com.zigurs.karlis.utils.sort.SortOperations.streamParallelSort","avgt",1,9,9567.258830,858.125040,"us/op",100000,ArrayShuffled,5
"com.zigurs.karlis.utils.sort.SortOperations.streamParallelSort","avgt",1,9,10144.987314,2083.354001,"us/op",100000,ArrayShuffled,10
"com.zigurs.karlis.utils.sort.SortOperations.streamParallelSort","avgt",1,9,9060.163398,637.069527,"us/op",100000,ArrayShuffled,100
"com.zigurs.karlis.utils.sort.SortOperations.streamParallelSort","avgt",1,9,8939.473106,1440.062295,"us/op",100000,ArrayShuffled,250
"com.zigurs.karlis.utils.sort.SortOperations.streamParallelSort","avgt",1,9,13403.374876,2093.299041,"us/op",100000,LinkedListShuffled,1
"com.zigurs.karlis.utils.sort.SortOperations.streamParallelSort","avgt",1,9,17527.610645,2431.584960,"us/op",100000,LinkedListShuffled,5
"com.zigurs.karlis.utils.sort.SortOperations.streamParallelSort","avgt",1,9,18332.222157,2241.322377,"us/op",100000,LinkedListShuffled,10
"com.zigurs.karlis.utils.sort.SortOperations.streamParallelSort","avgt",1,9,17901.504299,2276.070240,"us/op",100000,LinkedListShuffled,100
"com.zigurs.karlis.utils.sort.SortOperations.streamParallelSort","avgt",1,9,16347.718637,6292.101204,"us/op",100000,LinkedListShuffled,250
"com.zigurs.karlis.utils.sort.SortOperations.streamParallelSort","avgt",1,9,10408.571240,1595.212048,"us/op",100000,LinkedListSorted,1
"com.zigurs.karlis.utils.sort.SortOperations.streamParallelSort","avgt",1,9,14668.434188,892.784926,"us/op",100000,LinkedListSorted,5
"com.zigurs.karlis.utils.sort.SortOperations.streamParallelSort","avgt",1,9,15199.896861,1742.520515,"us/op",100000,LinkedListSorted,10
"com.zigurs.karlis.utils.sort.SortOperations.streamParallelSort","avgt",1,9,15084.850344,301.047228,"us/op",100000,LinkedListSorted,100
"com.zigurs.karlis.utils.sort.SortOperations.streamParallelSort","avgt",1,9,15191.038538,1172.248497,"us/op",100000,LinkedListSorted,250
"com.zigurs.karlis.utils.sort.SortOperations.streamParallelSort","avgt",1,9,101815.449238,7643.171125,"us/op",1000000,ArrayShuffled,1
"com.zigurs.karlis.utils.sort.SortOperations.streamParallelSort","avgt",1,9,104204.872659,4482.057187,"us/op",1000000,ArrayShuffled,5
"com.zigurs.karlis.utils.sort.SortOperations.streamParallelSort","avgt",1,9,111612.109260,7022.328123,"us/op",1000000,ArrayShuffled,10
"com.zigurs.karlis.utils.sort.SortOperations.streamParallelSort","avgt",1,9,106564.912579,8871.736390,"us/op",1000000,ArrayShuffled,100
"com.zigurs.karlis.utils.sort.SortOperations.streamParallelSort","avgt",1,9,101287.196393,4809.164519,"us/op",1000000,ArrayShuffled,250
"com.zigurs.karlis.utils.sort.SortOperations.streamParallelSort","avgt",1,9,208721.515275,39696.423420,"us/op",1000000,LinkedListShuffled,1
"com.zigurs.karlis.utils.sort.SortOperations.streamParallelSort","avgt",1,9,193049.181942,22272.648056,"us/op",1000000,LinkedListShuffled,5
"com.zigurs.karlis.utils.sort.SortOperations.streamParallelSort","avgt",1,9,204003.696698,35564.168271,"us/op",1000000,LinkedListShuffled,10
"com.zigurs.karlis.utils.sort.SortOperations.streamParallelSort","avgt",1,9,200489.338343,24321.103966,"us/op",1000000,LinkedListShuffled,100
"com.zigurs.karlis.utils.sort.SortOperations.streamParallelSort","avgt",1,9,206568.130362,22504.186010,"us/op",1000000,LinkedListShuffled,250
"com.zigurs.karlis.utils.sort.SortOperations.streamParallelSort","avgt",1,9,108896.231630,16478.233708,"us/op",1000000,LinkedListSorted,1
"com.zigurs.karlis.utils.sort.SortOperations.streamParallelSort","avgt",1,9,110031.932149,24062.401049,"us/op",1000000,LinkedListSorted,5
"com.zigurs.karlis.utils.sort.SortOperations.streamParallelSort","avgt",1,9,112590.443922,18836.304672,"us/op",1000000,LinkedListSorted,10
"com.zigurs.karlis.utils.sort.SortOperations.streamParallelSort","avgt",1,9,113507.590863,29418.313975,"us/op",1000000,LinkedListSorted,100
"com.zigurs.karlis.utils.sort.SortOperations.streamParallelSort","avgt",1,9,116236.214661,28368.187613,"us/op",1000000,LinkedListSorted,250
"com.zigurs.karlis.utils.sort.SortOperations.streamSort","avgt",1,9,11.597780,1.587459,"us/op",100,ArrayShuffled,1
"com.zigurs.karlis.utils.sort.SortOperations.streamSort","avgt",1,9,10.917538,0.267483,"us/op",100,ArrayShuffled,5
"com.zigurs.karlis.utils.sort.SortOperations.streamSort","avgt",1,9,10.997351,0.066725,"us/op",100,ArrayShuffled,10
"com.zigurs.karlis.utils.sort.SortOperations.streamSort","avgt",1,9,12.147804,0.173336,"us/op",100,ArrayShuffled,100
"com.zigurs.karlis.utils.sort.SortOperations.streamSort","avgt",1,9,12.046964,0.194123,"us/op",100,ArrayShuffled,250
"com.zigurs.karlis.utils.sort.SortOperations.streamSort","avgt",1,9,10.703171,0.142284,"us/op",100,LinkedListShuffled,1
"com.zigurs.karlis.utils.sort.SortOperations.streamSort","avgt",1,9,10.748048,0.196625,"us/op",100,LinkedListShuffled,5
"com.zigurs.karlis.utils.sort.SortOperations.streamSort","avgt",1,9,10.986479,0.311790,"us/op",100,LinkedListShuffled,10
"com.zigurs.karlis.utils.sort.SortOperations.streamSort","avgt",1,9,12.220146,0.197361,"us/op",100,LinkedListShuffled,100
"com.zigurs.karlis.utils.sort.SortOperations.streamSort","avgt",1,9,12.048600,0.133635,"us/op",100,LinkedListShuffled,250
"com.zigurs.karlis.utils.sort.SortOperations.streamSort","avgt",1,9,2.628854,0.090087,"us/op",100,LinkedListSorted,1
"com.zigurs.karlis.utils.sort.SortOperations.streamSort","avgt",1,9,2.630090,0.224234,"us/op",100,LinkedListSorted,5
"com.zigurs.karlis.utils.sort.SortOperations.streamSort","avgt",1,9,2.493868,0.147113,"us/op",100,LinkedListSorted,10
"com.zigurs.karlis.utils.sort.SortOperations.streamSort","avgt",1,9,3.682045,0.124024,"us/op",100,LinkedListSorted,100
"com.zigurs.karlis.utils.sort.SortOperations.streamSort","avgt",1,9,3.650291,0.050650,"us/op",100,LinkedListSorted,250
"com.zigurs.karlis.utils.sort.SortOperations.streamSort","avgt",1,9,161.986020,1.690226,"us/op",1000,ArrayShuffled,1
"com.zigurs.karlis.utils.sort.SortOperations.streamSort","avgt",1,9,166.204414,7.374522,"us/op",1000,ArrayShuffled,5
"com.zigurs.karlis.utils.sort.SortOperations.streamSort","avgt",1,9,168.661398,7.915205,"us/op",1000,ArrayShuffled,10
"com.zigurs.karlis.utils.sort.SortOperations.streamSort","avgt",1,9,167.654715,5.148200,"us/op",1000,ArrayShuffled,100
"com.zigurs.karlis.utils.sort.SortOperations.streamSort","avgt",1,9,167.471588,4.082838,"us/op",1000,ArrayShuffled,250
"com.zigurs.karlis.utils.sort.SortOperations.streamSort","avgt",1,9,161.834807,6.119498,"us/op",1000,LinkedListShuffled,1
"com.zigurs.karlis.utils.sort.SortOperations.streamSort","avgt",1,9,161.146217,4.032091,"us/op",1000,LinkedListShuffled,5
"com.zigurs.karlis.utils.sort.SortOperations.streamSort","avgt",1,9,158.442779,2.113720,"us/op",1000,LinkedListShuffled,10
"com.zigurs.karlis.utils.sort.SortOperations.streamSort","avgt",1,9,161.719225,2.590801,"us/op",1000,LinkedListShuffled,100
"com.zigurs.karlis.utils.sort.SortOperations.streamSort","avgt",1,9,166.472997,5.287390,"us/op",1000,LinkedListShuffled,250
"com.zigurs.karlis.utils.sort.SortOperations.streamSort","avgt",1,9,27.642033,3.248012,"us/op",1000,LinkedListSorted,1
"com.zigurs.karlis.utils.sort.SortOperations.streamSort","avgt",1,9,27.652901,4.031397,"us/op",1000,LinkedListSorted,5
"com.zigurs.karlis.utils.sort.SortOperations.streamSort","avgt",1,9,28.554715,2.244159,"us/op",1000,LinkedListSorted,10
"com.zigurs.karlis.utils.sort.SortOperations.streamSort","avgt",1,9,29.069306,0.964820,"us/op",1000,LinkedListSorted,100
"com.zigurs.karlis.utils.sort.SortOperations.streamSort","avgt",1,9,31.348148,0.619619,"us/op",1000,LinkedListSorted,250
"com.zigurs.karlis.utils.sort.SortOperations.streamSort","avgt",1,9,2304.210691,12.383714,"us/op",10000,ArrayShuffled,1
"com.zigurs.karlis.utils.sort.SortOperations.streamSort","avgt",1,9,2329.967218,73.870760,"us/op",10000,ArrayShuffled,5
"com.zigurs.karlis.utils.sort.SortOperations.streamSort","avgt",1,9,2320.381083,54.483469,"us/op",10000,ArrayShuffled,10
"com.zigurs.karlis.utils.sort.SortOperations.streamSort","avgt",1,9,2319.621089,38.227815,"us/op",10000,ArrayShuffled,100
"com.zigurs.karlis.utils.sort.SortOperations.streamSort","avgt",1,9,2312.704936,34.945898,"us/op",10000,ArrayShuffled,250
"com.zigurs.karlis.utils.sort.SortOperations.streamSort","avgt",1,9,2349.982497,30.371914,"us/op",10000,LinkedListShuffled,1
"com.zigurs.karlis.utils.sort.SortOperations.streamSort","avgt",1,9,2343.238205,24.529611,"us/op",10000,LinkedListShuffled,5
"com.zigurs.karlis.utils.sort.SortOperations.streamSort","avgt",1,9,2309.042308,74.863341,"us/op",10000,LinkedListShuffled,10
"com.zigurs.karlis.utils.sort.SortOperations.streamSort","avgt",1,9,2335.348160,48.770501,"us/op",10000,LinkedListShuffled,100
"com.zigurs.karlis.utils.sort.SortOperations.streamSort","avgt",1,9,2291.310509,47.951404,"us/op",10000,LinkedListShuffled,250
"com.zigurs.karlis.utils.sort.SortOperations.streamSort","avgt",1,9,303.579154,22.426605,"us/op",10000,LinkedListSorted,1
"com.zigurs.karlis.utils.sort.SortOperations.streamSort","avgt",1,9,308.716580,25.283932,"us/op",10000,LinkedListSorted,5
"com.zigurs.karlis.utils.sort.SortOperations.streamSort","avgt",1,9,308.048934,25.054772,"us/op",10000,LinkedListSorted,10
"com.zigurs.karlis.utils.sort.SortOperations.streamSort","avgt",1,9,296.398757,19.909102,"us/op",10000,LinkedListSorted,100
"com.zigurs.karlis.utils.sort.SortOperations.streamSort","avgt",1,9,297.530253,28.948629,"us/op",10000,LinkedListSorted,250
"com.zigurs.karlis.utils.sort.SortOperations.streamSort","avgt",1,9,64902.693213,2369.297692,"us/op",100000,ArrayShuffled,1
"com.zigurs.karlis.utils.sort.SortOperations.streamSort","avgt",1,9,62759.492801,5039.140872,"us/op",100000,ArrayShuffled,5
"com.zigurs.karlis.utils.sort.SortOperations.streamSort","avgt",1,9,66869.296813,1702.624781,"us/op",100000,ArrayShuffled,10
"com.zigurs.karlis.utils.sort.SortOperations.streamSort","avgt",1,9,60478.387570,12641.659624,"us/op",100000,ArrayShuffled,100
"com.zigurs.karlis.utils.sort.SortOperations.streamSort","avgt",1,9,56654.433671,11293.413759,"us/op",100000,ArrayShuffled,250
"com.zigurs.karlis.utils.sort.SortOperations.streamSort","avgt",1,9,50280.841557,13923.926020,"us/op",100000,LinkedListShuffled,1
"com.zigurs.karlis.utils.sort.SortOperations.streamSort","avgt",1,9,49789.709942,11816.044926,"us/op",100000,LinkedListShuffled,5
"com.zigurs.karlis.utils.sort.SortOperations.streamSort","avgt",1,9,56166.954659,21178.574230,"us/op",100000,LinkedListShuffled,10
"com.zigurs.karlis.utils.sort.SortOperations.streamSort","avgt",1,9,52616.317749,6663.051136,"us/op",100000,LinkedListShuffled,100
"com.zigurs.karlis.utils.sort.SortOperations.streamSort","avgt",1,9,46716.907104,9133.723850,"us/op",100000,LinkedListShuffled,250
"com.zigurs.karlis.utils.sort.SortOperations.streamSort","avgt",1,9,10136.064703,2850.276580,"us/op",100000,LinkedListSorted,1
"com.zigurs.karlis.utils.sort.SortOperations.streamSort","avgt",1,9,10888.894777,3725.165605,"us/op",100000,LinkedListSorted,5
"com.zigurs.karlis.utils.sort.SortOperations.streamSort","avgt",1,9,10197.923203,3957.147398,"us/op",100000,LinkedListSorted,10
"com.zigurs.karlis.utils.sort.SortOperations.streamSort","avgt",1,9,11219.541085,4076.236473,"us/op",100000,LinkedListSorted,100
"com.zigurs.karlis.utils.sort.SortOperations.streamSort","avgt",1,9,9569.200998,2050.936989,"us/op",100000,LinkedListSorted,250
"com.zigurs.karlis.utils.sort.SortOperations.streamSort","avgt",1,9,662720.958435,47234.747924,"us/op",1000000,ArrayShuffled,1
"com.zigurs.karlis.utils.sort.SortOperations.streamSort","avgt",1,9,649650.454878,32117.721578,"us/op",1000000,ArrayShuffled,5
"com.zigurs.karlis.utils.sort.SortOperations.streamSort","avgt",1,9,677449.741985,64221.691648,"us/op",1000000,ArrayShuffled,10
"com.zigurs.karlis.utils.sort.SortOperations.streamSort","avgt",1,9,666658.609500,39354.739443,"us/op",1000000,ArrayShuffled,100
"com.zigurs.karlis.utils.sort.SortOperations.streamSort","avgt",1,9,658604.210077,21510.040403,"us/op",1000000,ArrayShuffled,250
"com.zigurs.karlis.utils.sort.SortOperations.streamSort","avgt",1,9,729763.736987,53140.039204,"us/op",1000000,LinkedListShuffled,1
"com.zigurs.karlis.utils.sort.SortOperations.streamSort","avgt",1,9,748200.432987,43336.549272,"us/op",1000000,LinkedListShuffled,5
"com.zigurs.karlis.utils.sort.SortOperations.streamSort","avgt",1,9,735480.333810,38301.251148,"us/op",1000000,LinkedListShuffled,10
"com.zigurs.karlis.utils.sort.SortOperations.streamSort","avgt",1,9,724596.295952,23953.475616,"us/op",1000000,LinkedListShuffled,100
"com.zigurs.karlis.utils.sort.SortOperations.streamSort","avgt",1,9,720477.377206,33502.791226,"us/op",1000000,LinkedListShuffled,250
"com.zigurs.karlis.utils.sort.SortOperations.streamSort","avgt",1,9,82821.270664,1274.584981,"us/op",1000000,LinkedListSorted,1
"com.zigurs.karlis.utils.sort.SortOperations.streamSort","avgt",1,9,87855.811230,11644.505493,"us/op",1000000,LinkedListSorted,5
"com.zigurs.karlis.utils.sort.SortOperations.streamSort","avgt",1,9,83338.156272,2736.996308,"us/op",1000000,LinkedListSorted,10
"com.zigurs.karlis.utils.sort.SortOperations.streamSort","avgt",1,9,82581.591351,1674.436980,"us/op",1000000,LinkedListSorted,100
"com.zigurs.karlis.utils.sort.SortOperations.streamSort","avgt",1,9,85369.622385,11573.295639,"us/op",1000000,LinkedListSorted,250
